variable,importance
elevation,0.34339688002238183
VH_event,0.17498008100944915
VV_before,0.10922059323636919
VV_event,0.10708606129994697
VH_before,0.07378214640326038
VV_minus_VH_event,0.0593789426734358
dVH_event_before,0.056295884293677524
dVV_event_before,0.03945662894786437
slope,0.03640278211361481
